recipient_type,number_of_forms_1042s,total_u_s_source_income,u_s_tax_withheld,interest,dividends,rents_royalties,socialsecurity,personal_services_income,notional_principal_contract,return_on_capital,year,af_change,WFP,ForCorp,int_share_of_total_income,share_of_total_interest,share_of_total_income,non_int_income,share_of_nonint_inc
Corporations,619412.0,9919577.0,435937400.0,205142336.0,89710948.0,34136414.0,0.0,3966774.0,36566117.0,,2015,0,0,1,20.68055280986276,0.5019856531667433,0.5395872677649549,-195222759.0,0.5002144688549317
Individuals,3870025.0,1221250.0,13357905.0,1898087.0,2589078.0,1829460.0,1928987.0,1553820.0,4916.0,,2015,0,0,0,1.5542165813715456,0.004644640696995398,0.06643135596991194,-676837.0,0.0017342427808653468
Other and unknown,287344.0,1300939.0,101541642.0,40147614.0,30813832.0,12028023.0,0.0,345581.0,7204698.0,,2015,0,0,0,30.860489231239896,0.09824167273242071,0.07076613453767965,-38846675.0,0.09953587891822158
Partnerships and trusts,175300.0,726216.0,21992305.0,7302467.0,9536435.0,1799310.0,0.0,34762.0,0.0,,2015,0,0,0,10.055502770525573,0.01786922065040533,0.03950338882869647,-6576251.0,0.01685016602506736
U.S. branches treated as U.S. persons,2241.0,22283.0,14017617.0,6988793.0,2839852.0,14029.0,0.0,2823.0,2747578.0,,2015,0,0,0,313.6378853834762,0.01710165676846033,0.0012121104647513186,-6966510.0,0.017850117052298036
Withholding foreign partnerships and trusts,3052.0,9356.0,2301429.0,1010758.0,343520.0,15186.0,0.0,1813.0,709931.0,,2015,0,1,0,108.03313381787089,0.002473336439064002,0.0005089308220712353,-1001402.0,0.0025658676893315817
Withholding rate pools (general),35724.0,4724935.0,86960654.0,42111617.0,35632878.0,191911.0,0.0,438.0,0.0,,2015,0,0,0,8.91263414205698,0.10304761063875538,0.2570184965565575,-37386682.0,0.09579497480044442
Withholding rate pools (tax-exempt),1092.0,4098.0,19279065.0,12027563.0,7056675.0,1926.0,0.0,5.0,0.0,,2015,0,0,0,2934.9836505612493,0.029431584851208645,0.00022291561659340767,-12023465.0,0.030807428342772582
Corporations,674450.0,9835321.0,522992662.0,233771568.0,86471932.0,44378976.0,0.0,4857492.0,63320800.0,,2016,0,0,1,23.768575321537547,0.5679760951818632,0.5065615216271533,-223936247.0,0.571016645215275
Individuals,4065803.0,2305895.0,13422555.0,1566926.0,2593944.0,2093925.0,1990325.0,1157402.0,0.0,,2016,0,0,0,0.6795305076770625,0.003807034869693547,0.11876355432755521,738969.0,-0.0018843023626187972
Other and unknown,544377.0,1183815.0,46346931.0,20233209.0,8045405.0,9326469.0,0.0,384915.0,145266.0,,2016,0,0,0,17.091529504187733,0.049159010820419916,0.06097158676621216,-19049394.0,0.04857418663117985
Partnerships and trusts,195693.0,727523.0,28941597.0,8456618.0,9818882.0,5699271.0,0.0,37688.0,1563155.0,,2016,0,0,0,11.623849692724491,0.0205463688812861,0.03747057751330653,-7729095.0,0.019708474874325085
U.S. branches treated as U.S. persons,2155.0,55268.0,16062185.0,8289159.0,2967327.0,19660.0,0.0,31048.0,1865193.0,,2016,0,0,0,149.98116450749077,0.02013950713271341,0.002846540766416217,-8233891.0,0.020995657821702467
Withholding foreign partnerships and trusts,3141.0,7824.0,3079290.0,1106371.0,613934.0,27724.0,0.0,3257.0,688478.0,,2016,0,1,0,141.407336400818,0.0026880611948603313,0.00040296980090541505,-1098547.0,0.002801192888399638
Withholding rate pools (general),40192.0,4936901.0,86838917.0,45138571.0,36020295.0,70597.0,0.0,0.0,0.0,,2016,0,0,0,9.143098271567528,0.10966957837519954,0.2542717296855502,-40201670.0,0.10251052718344236
Withholding rate pools (tax-exempt),924.0,2548.0,13910057.0,6699459.0,6904905.0,192.0,0.0,3.0,0.0,,2016,0,0,0,2629.3010204081634,0.01627714009537289,0.00013123300775907433,-6696911.0,0.017076501476445984
Corporations,715877.0,10506486.0,524209269.0,271464074.0,86090444.0,51941519.0,0.0,4896114.0,35018702.0,,2017,0,0,1,25.83776097926557,0.593935763566512,0.5398992861541971,-260957588.0,0.5963387696945807
Individuals,4439105.0,1567407.0,15363099.0,1969711.0,3206922.0,2155891.0,2049350.0,1281104.0,446.0,,2017,0,0,0,1.2566684977162919,0.004309527185502851,0.08054471498968273,-402304.0,0.0009193427722945101
Other and unknown,476107.0,1176529.0,48441757.0,15991333.0,12097021.0,6622791.0,0.0,455032.0,403987.0,,2017,0,0,0,13.59195820927491,0.03498740896300466,0.06045857456429404,-14814804.0,0.033854704353821485
Partnerships and trusts,185730.0,755652.0,26571413.0,10292177.0,9670785.0,2594754.0,0.0,332068.0,194494.0,,2017,0,0,0,13.620260384409756,0.022518235710470815,0.03883086841604238,-9536525.0,0.021792811733305915
U.S. branches treated as U.S. persons,3233.0,83602.0,29637382.0,18840134.0,5133284.0,73724.0,0.0,6105.0,1459768.0,,2017,0,0,0,225.3550632759982,0.04122029559235674,0.004296075787952622,-18756532.0,0.042862318364994365
Withholding foreign partnerships and trusts,4045.0,7179.0,3712793.0,1346648.0,1082983.0,27956.0,0.0,27956.0,264191.0,,2017,0,1,0,187.581557319961,0.0029463287585351577,0.0003689089744469256,-1339469.0,0.0030609468060535197
Withholding rate pools (general),27411.0,5000023.0,92027890.0,48127480.0,37483176.0,66348.0,0.0,0.0,0.0,,2017,0,0,0,9.625451722922074,0.10529802769530393,0.2569373669231147,-43127457.0,0.09855461511790158
Withholding rate pools (tax-exempt),725.0,2100.0,10855839.0,4468047.0,6146583.0,0.0,0.0,0.0,0.0,,2017,0,0,0,2127.6414285714286,0.009775632066127702,0.00010791319770699872,-4465947.0,0.010205556235832481
Corporations,761081.0,11758608.0,637085170.0,303761290.0,126791201.0,56928750.0,0.0,4520293.0,48468768.0,,2018,1,0,1,25.833099462113204,0.5662524861241887,0.5494275604743243,-292002682.0,0.5669516158731807
Individuals,4925906.0,1672738.0,17748340.0,2547535.0,3554124.0,2470772.0,2138684.0,1411024.0,0.0,,2018,1,0,0,1.5229731135419893,0.004748952795263626,0.07815962218084829,-874797.0,0.001698503483988585
Other and unknown,477038.0,676291.0,40746639.0,16019434.0,6644391.0,7015471.0,0.0,640207.0,294222.0,,2018,1,0,0,23.6871908690194,0.029862410476339352,0.0316000766673012,-15343143.0,0.029790204859910435
Partnerships and trusts,191582.0,868990.0,31686176.0,13850626.0,11535057.0,1765215.0,0.0,354078.0,79423.0,,2018,1,0,0,15.938763391983798,0.025819456478066466,0.040604045629940466,-12981636.0,0.025205109269775317
U.S. branches treated as U.S. persons,1402.0,96937.0,49530521.0,34620844.0,7304910.0,12555.0,0.0,29965.0,1083204.0,,2018,1,0,0,357.147879550636,0.06453797647066122,0.00452943574866171,-34523907.0,0.06703152425122388
Withholding foreign partnerships and trusts,4776.0,36051.0,3790386.0,1824553.0,1001186.0,60225.0,0.0,42631.0,70944.0,,2018,1,1,0,50.61032981054617,0.003401215712230307,0.0016845032152326077,-1788502.0,0.0034725506353137383
Withholding rate pools (general),34328.0,5973618.0,113768550.0,53840482.0,49414290.0,115417.0,0.0,15913.0,0.0,,2018,1,0,0,9.013044021228007,0.10036600380063118,0.27912065483818427,-47866864.0,0.092938173395208
Withholding rate pools (tax-exempt),869.0,4814.0,16572585.0,9934072.0,6161886.0,1.0,0.0,0.0,0.0,,2018,1,0,0,2063.5795596177813,0.018518465494193455,0.00022493685274000094,-9929258.0,0.019278620418704602
Corporations,810446.0,12067047.0,702821916.0,343414667.0,134713323.0,54947917.0,0.0,6245053.0,53057238.0,,2019,1,0,1,28.458882028055413,0.5948198430865759,0.5717700590199728,-331347620.0,0.5956943960483592
Hybrid entity making treaty claim,2292.0,125161.0,16620201.0,3746326.0,4438573.0,2937100.0,0.0,139062.0,0.0,,2019,1,0,0,29.9320555124999,0.006488916338192275,0.005930474320436376,-3621165.0,0.006510104698100613
Individuals,5456187.0,1579649.0,15751990.0,2755916.0,3435893.0,1693707.0,2242544.0,1244661.0,0.0,,2019,1,0,0,1.7446382076018154,0.004773452272729469,0.07484813823637557,-1176267.0,0.002114684451805072
Other and unknown,512054.0,379499.0,30796352.0,8136680.0,3707590.0,8512468.0,0.0,353811.0,312913.0,,2019,1,0,0,21.440583506148897,0.014093337256459348,0.017981712147803905,-7757181.0,0.013945804864488862
Partnerships and trusts,184442.0,869572.0,32028557.0,14528010.0,12065956.0,889985.0,0.0,374905.0,1371.0,,2019,1,0,0,16.707081184766757,0.025163598002528546,0.04120272621479934,-13658438.0,0.024555042753510524
U.S. branches treated as U.S. persons,2195.0,52324.0,50897523.0,33981893.0,7365011.0,21597.0,0.0,27028.0,1255051.0,,2019,1,0,0,649.451360752236,0.058859175813957915,0.002479255825237198,-33929569.0,0.0609983379800227
Withholding foreign partnerships and trusts,5993.0,7492.0,6256318.0,2764691.0,1857318.0,33949.0,0.0,39530.0,103536.0,,2019,1,1,0,369.01908702616123,0.004788651227883836,0.0003549916795863674,-2757199.0,0.004956872764289479
Withholding rate pools (general),29941.0,5615994.0,97378603.0,50246054.0,40475938.0,195664.0,0.0,13852.0,0.0,,2019,1,0,0,8.946956496036142,0.08702991697206579,0.26610132709649786,-44630060.0,0.0802356046417416
Withholding rate pools (tax-exempt),901.0,1129.0,16561881.0,7176149.0,7967501.0,2.0,0.0,0.0,0.0,,2019,1,0,0,6356.199291408326,0.012429625849806492,5.3495142318874644e-05,-7175020.0,0.012899199956634359
Corporations,840813.0,11281264.0,599684092.0,271016634.0,96310841.0,46746462.0,0.0,7710482.0,35748095.0,,2020,1,0,1,24.023605333586733,0.5426987860336986,0.5563965562122951,-259735370.0,0.5421191080246408
Hybrid entity making treaty claim,2769.0,50674.0,7297849.0,2903992.0,981628.0,868345.0,0.0,200015.0,5.0,,2020,1,0,0,57.307337095946636,0.005815115145484289,0.0024992624132811575,-2853318.0,0.005955439219043029
Individuals,7074906.0,1659677.0,24378523.0,2791383.0,3798175.0,10406285.0,2329723.0,1155711.0,0.0,,2020,1,0,0,1.6818832821085066,0.005589620618840331,0.08185594869730496,-1131706.0,0.0023620943395816062
Other and unknown,185190.0,189062.0,11689331.0,5023219.0,2080139.0,883395.0,0.0,197625.0,321981.0,,2020,1,0,0,26.56916249695867,0.010058773194273415,0.009324615194769749,-4834157.0,0.010089842137753798
Partnerships and trusts,160805.0,822689.0,28250101.0,13511169.0,10757962.0,462461.0,0.0,86149.0,786.0,,2020,1,0,0,16.4231793545313,0.027055516504555736,0.04057535808343257,-12688480.0,0.026483368282835314
U.S. branches treated as U.S. persons,2117.0,13546.0,63548888.0,25092061.0,8604577.0,2845.0,0.0,49669.0,24960570.0,,2020,1,0,0,1852.3594419016683,0.050245738952626476,0.0006680942623496578,-25078515.0,0.052343822800809056
Withholding foreign partnerships and trusts,9806.0,16596.0,6046545.0,2800282.0,1932607.0,118462.0,0.0,12143.0,178185.0,,2020,1,1,0,168.73234514340805,0.005607440471539535,0.0008185215102580039,-2783686.0,0.005810103457764264
Withholding rate pools (general),29174.0,6030302.0,116904813.0,67436595.0,41923353.0,41654.0,0.0,7049.0,471.0,,2020,1,0,0,11.182954850354095,0.1350387896882602,0.29741696193973616,-61406293.0,0.12816708324422563
Withholding rate pools (tax-exempt),836.0,1420.0,17295969.0,7791551.0,8079041.0,0.0,0.0,0.0,0.0,,2020,1,0,0,5487.007746478873,0.015602235208262715,7.003498099339393e-05,-7790131.0,0.016259544740152655
Corporations,828163.0,11846261.0,541072789.0,215251952.0,129294462.0,67633933.0,0.0,10758655.0,30172969.0,22508595.0,2021,1,0,1,18.170454964650872,0.5405992753207485,0.5407599193890159,-203405691.0,0.5405899224196498
Hybrid entity making treaty claim,5190.0,112355.0,11606318.0,4054930.0,2863475.0,729090.0,0.0,346949.0,0.0,1867514.0,2021,1,0,0,36.09033865871568,0.010183843626544037,0.005128798085991258,-3942575.0,0.010478154779767941
Individuals,7442952.0,1721033.0,17608190.0,2086081.0,3464331.0,3605320.0,2386379.0,1155362.0,0.0,540053.0,2021,1,0,0,1.2121098200906084,0.005239134262812086,0.07856197549132475,-365048.0,0.0009701855883641344
Other and unknown,409187.0,220976.0,25587966.0,4577904.0,2345270.0,2346859.0,0.0,2466805.0,40075.0,240303.0,2021,1,0,0,20.716747520092678,0.01149727824483541,0.010087145973476963,-4356928.0,0.011579377931505368
Partnerships and trusts,161252.0,1048220.0,60406885.0,14229212.0,13498151.0,638571.0,0.0,135167.0,25952850.0,3386035.0,2021,1,0,0,13.574642727671671,0.035736269167887955,0.047849305591186476,-13180992.0,0.035031032847030935
U.S. branches treated as U.S. persons,1857.0,14558.0,23128500.0,8652012.0,7198129.0,4649.0,0.0,29461.0,688710.0,224861.0,2021,1,0,0,594.3132298392636,0.021729286883616368,0.0006645457926737638,-8637454.0,0.022955702786916093
Withholding foreign partnerships and trusts,7235.0,6633.0,9359800.0,2856930.0,3813862.0,45027.0,0.0,4358.0,167941.0,1996652.0,2021,1,1,0,430.71460877431025,0.007175100031808799,0.0003027841903286904,-2850297.0,0.0075752149633952996
Withholding rate pools (general),32932.0,6738946.0,106109221.0,53852276.0,44809151.0,123811.0,0.0,13633.0,0.0,1039211.0,2021,1,0,0,7.99120159146549,0.1352484895466729,0.30762042941033724,-47113330.0,0.12521277691110108
Withholding rate pools (tax-exempt),885.0,1607.0,12593580.0,4826309.0,6562968.0,5.0,0.0,0.0,0.0,336382.0,2021,1,0,0,3003.303671437461,0.012121140475762127,7.335657980675494e-05,-4824702.0,0.012822577711839582
Corporations,1103857.0,15238711.0,727890939.0,333276171.0,163330418.0,77017063.0,0.0,15191400.0,40152737.0,19094593.0,2022,1,0,1,21.870364954096182,0.579363830483914,0.5465490826810773,-318037460.0,0.5810353537113119
Hybrid entity making treaty claim,8948.0,86882.0,11636519.0,3447425.0,3260237.0,1830030.0,0.0,822384.0,843.0,359207.0,2022,1,0,0,39.67939273957782,0.005992967775983022,0.0031160954100053055,-3360543.0,0.00613951039184841
Individuals,12403723.0,2640728.0,23099470.0,2939853.0,5871641.0,4068319.0,2571060.0,1441249.0,0.0,311905.0,2022,1,0,0,1.113273688164779,0.005110609888576841,0.09471191270772415,-299125.0,0.0005464834242447294
Other and unknown,196179.0,282503.0,16974014.0,5419086.0,3078063.0,3151421.0,0.0,319858.0,11439.0,513979.0,2022,1,0,0,19.18240160281484,0.00942048275837204,0.01013220576889032,-5136583.0,0.0093842288901204
Partnerships and trusts,188176.0,1289556.0,57117966.0,37483147.0,13592934.0,937452.0,0.0,522912.0,51.0,2055309.0,2022,1,0,0,29.06670745589955,0.06516031302013378,0.04625100173275019,-36193591.0,0.06612351874765807
U.S. branches treated as U.S. persons,2640.0,3001.0,50520853.0,35394870.0,6510017.0,79281.0,0.0,24762.0,643641.0,27905.0,2022,1,0,0,11794.35854715095,0.061530073995839846,0.00010763336853923622,-35391869.0,0.06465882076570292
Withholding foreign partnerships and trusts,9115.0,8618.0,14036522.0,6848839.0,4238567.0,166058.0,0.0,24509.0,78735.0,1319674.0,2022,1,1,0,794.713274541657,0.011905950507957615,0.0003090917594372335,-6840221.0,0.012496673279300317
Withholding rate pools (general),37365.0,7707526.0,111490877.0,54470949.0,50455545.0,287041.0,0.0,12081.0,0.0,964485.0,2022,1,0,0,7.067241680404321,0.09469173138914251,0.27643684987795575,-46763423.0,0.08543396750671035
Withholding rate pools (tax-exempt),929.0,21396.0,16437238.0,6591175.0,8677228.0,224.0,0.0,0.0,0.0,274472.0,2022,1,0,0,308.0564124135352,0.011458030089375373,0.0007673853892920687,-6569779.0,0.01200259197476344
