recipient_type,number_of_forms_1042s,u_s_tax_withheld,total_u_s_source_income,interest_income,country,year,tax_haven,afchange,cayman,share_of_total_interest,share_of_total_income,share_of_total_forms,non_int_income,share_of_nonint_inc
Individuals,135290,33406,242342,12613,Australia,2015,0,0,0,0.012821333853790237,0.037116287090901375,0.0637938302609752,229729,0.04142611178192383
Corporations,17523,364911,6173334,2017379,Australia,2015,0,0,0,0.014457234308307192,0.02370394909387543,0.045938832116022885,4155955,0.03437693922964002
Individuals,5809,3625,180778,163735,Bermuda,2015,1,0,0,0.16643947502975856,0.02768735154335183,0.002739140808529861,17043,0.0030732960274903382
Corporations,10451,201715,6757445,5700642,Bermuda,2015,1,0,0,0.040852768419705435,0.02594677888555245,0.0273986608711154,1056803,0.00874158948032432
Individuals,2363,5138,35318,15917,British Virgin Islands,2015,1,0,0,0.01617990731394428,0.005409186304794277,0.0011142347616725876,19401,0.0034985047368033826
Corporations,92750,361373,3678208,1833205,British Virgin Islands,2015,1,0,0,0.013137379847891886,0.01412333354856312,0.24315623345095716,1845003,0.015261367365504083
Individuals,425624,120626,1566107,29613,Canada,2015,0,0,0,0.03010212950228259,0.23985969013654374,0.20069617274741153,1536494,0.2770698178995916
Corporations,46100,471173,21581656,6365234,Canada,2015,0,0,0,0.045615464107241835,0.08286777860804732,0.12085716832441105,15216422,0.1258661401258092
Individuals,1505,14091,270790,256263,Cayman Islands,2015,1,0,1,0.26049579619232915,0.04147328726075209,7.096586188392908e-4,14527,0.0026195958100893118
Corporations,106553,2426661,58966566,44590219,Cayman Islands,2015,1,0,1,0.3195489017887721,0.22641581983165754,0.2793425999234484,14376347,0.11891726622718908
Individuals,207200,20801,576421,34639,China,2015,0,0,0,0.0352111459098898,0.08828270510775872,0.09770183775647912,541782,0.09769738123368951
Corporations,2109,45426,1364772,540991,China,2015,0,0,0,0.0038769282547728595,0.0052403589393910256,0.005529018828550605,823781,0.006814094323815365
Individuals,67936,30967,247058,7187,France,2015,0,0,0,0.007305710489747914,0.03783857381759626,0.03203413151459539,239871,0.04325497807957137
Corporations,8244,94472,21848210,4562754,France,2015,0,0,0,0.03269827021554496,0.08389127457420903,0.02161272224872982,17285456,0.1429806315199795
Individuals,307681,46337,780961,170145,Germany,2015,0,0,0,0.17295535150663124,0.11960936479354561,0.1450820421947454,610816,0.11014600635613087
Corporations,20672,172570,13782616,4270879,Germany,2015,0,0,0,0.030606593211007307,0.05292155390335806,0.05419434671588341,9511737,0.07867852390541247
Individuals,57420,32922,160102,30285,Hong Kong,2015,1,0,0,0.030785229189093582,0.024520684800106843,0.027075480328074473,129817,0.023409380414288167
Corporations,3768,47625,777242,534268,Hong Kong,2015,1,0,0,0.0038287489160096673,0.0029844011034591564,0.009878303909899801,242974,0.0020098154172464703
Individuals,252294,9516,101798,3628,Ireland,2015,0,0,0,0.0036879250948664856,0.015591039907566903,0.1189651904195615,98170,0.01770260347466564
Corporations,13976,919553,20322759,13903122,Ireland,2015,0,0,0,0.0996345715757825,0.07803395131109037,0.03663990855752644,6419637,0.05310150639873352
Individuals,2064,2965,40703,3101,Luxembourg,2015,0,0,0,0.0031522204297632227,0.006233934825415977,9.732461058367417e-4,37602,0.006780618272938549
Corporations,16249,1182557,30296091,23445986,Luxembourg,2015,0,0,0,0.16802202917314502,0.11632887493328849,0.042598874796168223,6850105,0.05666222163176773
Individuals,220510,107199,1097243,148515,Mexico,2015,0,0,0,0.15096808033740244,0.16805005404132137,0.10397795484402128,948728,0.17108032585629604
Corporations,6270,144350,3146091,322653,Mexico,2015,0,0,0,0.0023122427770281345,0.012080146790810225,0.016437623544339638,2823438,0.023354717879441995
Individuals,435042,111407,1229642,108110,United Kingdom,2015,0,0,0,0.10989569515050049,0.188327840370345,0.20513707963925765,1121532,0.20224138005652137
Corporations,36777,492112,71739842,31453811,United Kingdom,2015,0,0,0,0.22540886740479116,0.2754617784766978,0.09641570671294719,40286031,0.3332351864951362
Individuals,150077,41120,293310,10831,Australia,2016,0,0,0,0.01449226882750574,0.041467799789034636,0.06767849726200553,282479,0.04465481632069126
Corporations,17353,301211,5238197,1981138,Australia,2016,0,0,0,0.011883338695258911,0.014465318809421784,0.04025835129372844,3257059,0.016668206712151436
Individuals,5064,7042,198419,165934,Bermuda,2016,1,0,0,0.22202567958852715,0.0280522292671251,0.0022836537919521047,32485,0.0051352904399182085
Corporations,10921,353160,8903580,6946120,Bermuda,2016,1,0,0,0.0416644860569591,0.024587300409891346,0.025336336914585852,1957460,0.010017426123004818
Individuals,1505,2307,20958,12951,British Virgin Islands,2016,1,0,0,0.01732890532591883,0.002963015744361215,6.786925270315792e-4,8007,0.001265761753191476
Corporations,101380,375659,3850290,2164561,British Virgin Islands,2016,1,0,0,0.012983553639144938,0.010632603615085228,0.23519804380557766,1685729,0.008626825437509216
Individuals,443955,145725,1585839,29428,Canada,2016,0,0,0,0.039375725884575656,0.22420392809533565,0.20020527630452145,1556411,0.24604040415217912
Corporations,54369,448138,26294913,9944444,Canada,2016,0,0,0,0.05964914922031444,0.072613591968956,0.1261341728513065,16350469,0.08367456565343888
Individuals,1740,19197,103293,87955,Cayman Islands,2016,1,0,1,0.11768696378203927,0.014603434740065988,7.846677721162445e-4,15338,0.0024246601436806368
Corporations,119696,2320713,64669936,50953319,Cayman Islands,2016,1,0,1,0.3056301718126507,0.17858649486166767,0.27769052131931765,13716617,0.07019566042476065
Individuals,260084,28232,737948,71540,China,2016,0,0,0,0.09572310146060019,0.10433016234945461,0.11728708784085133,666408,0.10534704114160423
Corporations,3038,49477,1473313,963657,China,2016,0,0,0,0.005780244746735016,0.004068564479546233,0.0070480534334320865,509656,0.0026081970145730403
Individuals,69814,34893,277038,7306,France,2016,0,0,0,0.009775691630851902,0.03916728484523057,0.031483216001450286,269732,0.04263974637340367
Corporations,9859,69230,37518282,8779516,France,2016,0,0,0,0.052661632964712574,0.1036070064397713,0.022872534167283392,28738766,0.1470724639437448
Individuals,332418,49891,948332,58708,Germany,2016,0,0,0,0.07855342242869606,0.13407398830430192,0.149906719236401,889624,0.1406334499714267
Corporations,24205,235239,21954872,5759695,Germany,2016,0,0,0,0.034548025663224506,0.06062853743378641,0.05615475094016578,16195177,0.08287984896063613
Individuals,57259,36321,182439,34349,Hong Kong,2016,1,0,0,0.04596020145471283,0.025792996916953703,0.025821432162990827,148090,0.023410348199091505
Corporations,4444,117389,1445907,1080817,Hong Kong,2016,1,0,0,0.006482998397180636,0.003992882612810214,0.010309924113947396,365090,0.001868371309374306
Individuals,227513,8345,117024,5062,Ireland,2016,0,0,0,0.006773138658003329,0.016544706292018648,0.10259891887211674,111962,0.017699165406622207
Corporations,16210,909233,24360343,16782214,Ireland,2016,0,0,0,0.1006637261101023,0.06727126295591142,0.037606631387733416,7578129,0.03878155743059903
Individuals,1979,548,6544,695,Luxembourg,2016,0,0,0,9.299350784891967e-4,9.251825093567988e-4,8.924468511597976e-4,5849,9.246210184110082e-4
Corporations,18523,1304070,40009141,30447299,Luxembourg,2016,0,0,0,0.18263016830368098,0.11048553153997612,0.04297271025262098,9561842,0.04893333495184813
Individuals,228225,187774,970848,133031,Mexico,2016,0,0,0,0.1780002783115055,0.13725727213386757,0.10292000131679879,837817,0.13244370110823314
Corporations,6838,111972,6185168,331757,Mexico,2016,0,0,0,0.00198995768872386,0.017080386058377285,0.01586392013752752,5853411,0.029955203304324867
Individuals,437866,135117,1631207,129574,United Kingdom,2016,0,0,0,0.17337468756857435,0.2306179990128936,0.1974593900606043,1501633,0.23738099397154683
Corporations,44205,538564,120217147,30581068,United Kingdom,2016,0,0,0,0.1834325467013121,0.331980518814799,0.10255404938277334,89636079,0.4587183387340347
Individuals,164114,40060,284571,12740,Australia,2017,0,0,0,0.014972382183570337,0.03459010138509428,0.0721087664213596,271831,0.03685319877891267
Corporations,17783,307036,5827157,2706460,Australia,2017,0,0,0,0.0139540135940138,0.016863787903565335,0.03772212099164017,3120697,0.020586847835499692
Individuals,5679,3934,140067,120336,Bermuda,2017,1,0,0,0.14142202373956986,0.017025388148145807,0.0024952513771335848,19731,0.002675009344433585
Corporations,11259,282487,9212928,7937382,Bermuda,2017,1,0,0,0.04092369232461608,0.026662206589391425,0.023883110849962134,1275546,0.008414617442571416
Individuals,1443,905,17258,13439,British Virgin Islands,2017,1,0,0,0.01579386531907392,0.0020977400005761553,6.340284798738797e-4,3819,5.17756864142307e-4
Corporations,95743,360221,4038895,2497885,British Virgin Islands,2017,1,0,0,0.012878638977218639,0.011688559042560637,0.2030944739415512,1541010,0.010165850251717286
Individuals,555439,166454,2136238,50923,Canada,2017,0,0,0,0.05984604536373252,0.25966345482389647,0.24404999641903527,2085315,0.2827143637467701
Corporations,66813,535323,32362726,13373266,Canada,2017,0,0,0,0.06895011770370245,0.09365770430506667,0.14172682167319656,18989460,0.12527109280340515
Individuals,2305,4460,86406,69735,Cayman Islands,2017,1,0,1,0.08195440122223528,0.010502800005202415,0.0010127759155296554,16671,0.002260153098223724
Corporations,129134,2485671,74146774,60612168,Cayman Islands,2017,1,0,1,0.31250527117882704,0.21458070727622283,0.27392500546220894,13534606,0.08928610314793174
Individuals,322378,30523,817430,95987,China,2017,0,0,0,0.11280644023974615,0.09936004222221385,0.14164714711350077,721443,0.09780886759293492
Corporations,4025,77528,2964539,2107241,China,2017,0,0,0,0.01086454983996188,0.008579373599827099,0.008538015913588916,857298,0.005655487692550163
Individuals,79713,37924,334380,12067,France,2017,0,0,0,0.01418145493007404,0.04064447220956396,0.035024471390288685,322313,0.043697242249882015
Corporations,10256,72746,34310078,9978297,France,2017,0,0,0,0.0514462774188819,0.09929333950445872,0.021755500921681468,24331781,0.16051371633122427
Individuals,331751,53069,993705,85386,Germany,2017,0,0,0,0.10034786696439064,0.12078657592261724,0.14576547624853742,908319,0.12314438258205714
Corporations,25468,270780,24888662,6775414,Germany,2017,0,0,0,0.03493279747754314,0.07202776880244109,0.05402389795957329,18113248,0.11949083181823457
Individuals,67196,43402,218714,52230,Hong Kong,2017,1,0,0,0.061382066047714186,0.02658506817047243,0.029524724694113113,166484,0.022570891272549843
Corporations,5662,96802,2033854,1181525,Hong Kong,2017,1,0,0,0.006091727168207605,0.005885971921267605,0.012010495926146692,852329,0.0056227078209719235
Individuals,59800,9179,176832,1920,Ireland,2017,0,0,0,0.002256434363614996,0.021494238021896088,0.026275054120899522,174912,0.02371350841080367
Corporations,17108,1022685,28802662,19429893,Ireland,2017,0,0,0,0.10017698065082564,0.0833548818104748,0.03629027981358488,9372769,0.061830984937111366
Individuals,2363,721,44094,38575,Luxembourg,2017,0,0,0,0.045334351862733574,0.005359702606640688,0.0010382600817338723,5519,7.482325564811188e-4
Corporations,20965,1335575,40373738,32834638,Luxembourg,2017,0,0,0,0.1692893983308536,0.11684156690923483,0.04447192636730226,7539100,0.04973449986224736
Individuals,254964,238581,1174378,155628,Mexico,2017,0,0,0,0.18289810788576802,0.14274769419380137,0.11202663710503387,1018750,0.1381159479824497
Corporations,7030,181550,4681747,622142,Mexico,2017,0,0,0,0.0032076505565967845,0.013548972239147375,0.014912360713672069,4059605,0.026780706491925918
Individuals,428778,182357,1802876,141934,United Kingdom,2017,0,0,0,0.16680455987777648,0.21914272228987927,0.18839741063296078,1660942,0.2251804455203592
Corporations,60175,463757,81898833,33899355,United Kingdom,2017,0,0,0,0.17477888477875145,0.23701516009634158,0.12764598946589142,47999478,0.3166465535646092
Individuals,180178,44336,356594,15927,Australia,2018,0,1,0,0.01409037586721234,0.03680716519366716,0.07294121361956876,340667,0.03980767536412887
Corporations,18476,361037,9885742,2862822,Australia,2018,0,1,0,0.012640462516921136,0.021993361400021356,0.03632767261838051,7022920,0.03149196170740106
Individuals,6182,4757,27413,7573,Bermuda,2018,1,1,0,0.00669971849327551,0.0028295339222028353,0.0025026506154812137,19840,0.0023183468877945815
Corporations,11960,370956,10991835,9382586,Bermuda,2018,1,1,0,0.041427733419957306,0.024454148166561874,0.02351585649035673,1609249,0.007216144835150258
Individuals,988,924,7594,4679,British Virgin Islands,2018,1,1,0,0.0041394404899030915,7.838427244449105e-4,3.999706904068973e-4,2915,3.4062405130651235e-4
Corporations,102536,390499,4545353,2818131,British Virgin Islands,2018,1,1,0,0.01244313452714611,0.010112300242073003,0.20160717902133926,1727222,0.007745155730690465
Individuals,524661,175881,1950596,73334,Canada,2018,0,1,0,0.06487747999285175,0.201337961934599,0.21239779595098496,1877262,0.21936212274571731
Corporations,75933,697065,44111766,17110771,Canada,2018,0,1,0,0.0755506487867989,0.09813790524081797,0.14930012800018877,27000995,0.12107703072250965
Individuals,2617,3935,237242,221358,Cayman Islands,2018,1,1,1,0.19583207265739871,0.024487808221327293,0.0010594365352174597,15884,0.0018560797361758634
Corporations,147846,2868781,99550908,81109453,Cayman Islands,2018,1,1,1,0.35812949614557826,0.22147645541875127,0.29069609687903686,18441455,0.08269460490632954
Individuals,374588,35237,982166,182241,China,2018,0,1,0,0.16122585473828369,0.1013778869235133,0.15164394835844014,799925,0.09347296543442946
Corporations,3994,78335,3046612,2056388,China,2018,0,1,0,0.009079745591673679,0.00677796757811825,0.00785303769418769,990224,0.0044403319829571615
Individuals,94590,39625,345096,20512,France,2018,0,1,0,0.01814665597967348,0.03562035670727427,0.03829274049148625,324584,0.03792834204777804
Corporations,10839,120826,41501228,12799435,France,2018,0,1,0,0.05651443867459049,0.09233009580350017,0.02131173649656995,28701793,0.12870369676569743
Individuals,402517,70094,1510215,138176,Germany,2018,0,1,0,0.12224221610020294,0.15588241244371484,0.16295040727784726,1372039,0.16032572306364867
Corporations,28072,288872,26502581,7342602,Germany,2018,0,1,0,0.03242041781070223,0.058961769583541566,0.05519541165529215,19159979,0.08591658811186921
Individuals,71952,55305,282505,75126,Hong Kong,2018,1,1,0,0.06646283527344725,0.029159795742600664,0.02912822987465291,207379,0.024232684437699218
Corporations,4797,87153,2110855,1540187,Hong Kong,2018,1,1,0,0.006800519222833,0.004696136807742108,0.009431903309719167,570668,0.0025589718811604217
Individuals,70725,12062,137672,3952,Ireland,2018,0,1,0,0.003496274592027574,0.014210323355251478,0.02863150514071641,133720,0.015625471060276785
Corporations,25561,1271452,39614740,23722929,Ireland,2018,0,1,0,0.10474587481026813,0.088133120770083,0.05025826151755923,15891811,0.0712615697563485
Individuals,2789,703,15364,4958,Luxembourg,2018,0,1,0,0.004386267567629735,0.0015858519381579674,0.0011290670602680532,10406,0.0012159635944753234
Corporations,23424,1479876,41035289,30175623,Luxembourg,2018,0,1,0,0.13323700581323022,0.09129349533209757,0.046056473447334115,10859666,0.048696580030409754
Individuals,266647,252024,1322306,241473,Mexico,2018,0,1,0,0.2136275087451099,0.1364866918079868,0.10794634077421857,1080833,0.1262976724685323
Corporations,7251,190353,6456082,947027,Mexico,2018,0,1,0,0.0041814892075065346,0.014363205579730146,0.01425697954946293,5509055,0.02470353486925187
Individuals,471747,182444,2513405,141037,United Kingdom,2018,0,1,0,0.12477329950298405,0.25943036908525946,0.19097669361071112,2372368,0.27721632910803706
Corporations,47904,499519,120134553,34612841,United Kingdom,2018,0,1,0,0.15282903347279403,0.2672700380769617,0.09418926332057263,85521712,0.3834938287002247
Individuals,161572,49916,348930,19298,Australia,2019,0,1,0,0.01711275280505313,0.04293724576266494,0.0625145818477421,329632,0.04709826550612718
Corporations,17316,369860,8517966,3956185,Australia,2019,0,1,0,0.015034323892125698,0.016558324773094303,0.03259316702962861,4561781,0.018154287259367387
Individuals,6810,6168,42607,16821,Bermuda,2019,1,1,0,0.01491624079872519,0.005242963431662124,0.0026348891044433672,25786,0.0036843385179260372
Corporations,14782,371432,11621653,10149988,Bermuda,2019,1,1,0,0.03857206048078873,0.02259167326732764,0.027823527086623362,1471665,0.005856710166392667
Individuals,935,588,6867,4804,British Virgin Islands,2019,1,1,0,0.004260009559305381,8.450120845218815e-4,3.617652441489792e-4,2063,2.947642271962078e-4
Corporations,101501,306188,4976747,3209635,British Virgin Islands,2019,1,1,0,0.012197278986069374,0.009674444948421108,0.19105099599643877,1767112,0.0070324855286729515
Individuals,541952,182770,1817506,62269,Canada,2019,0,1,0,0.05521784663788234,0.22365145386501045,0.20968919529093857,1755237,0.25079063395598167
Corporations,80154,770819,51058658,20999512,Canada,2019,0,1,0,0.07980250291242202,0.09925442783433858,0.15087044987831208,30059146,0.1196248507447561
Individuals,2273,3312,51602,39272,Cayman Islands,2019,1,1,1,0.034824957413205855,0.006349834510775904,8.794571122466627e-4,12330,0.001761727058327311
Corporations,157267,2993325,144604406,107851364,Cayman Islands,2019,1,1,1,0.4098575619147096,0.28110076022472813,0.2960169553735622,36753042,0.14626420736190415
Individuals,403762,38861,1100777,253131,China,2019,0,1,0,0.22446721060710456,0.13545505568133728,0.15622145294981832,847646,0.12111280568393445
Corporations,3971,84080,3222885,2356475,China,2019,0,1,0,0.008955093958876267,0.006265060994177956,0.007474443651804991,866410,0.0034480077023400506
Individuals,99908,43992,385065,58038,France,2019,0,1,0,0.05146595229037587,0.04738380345513591,0.03865587381009221,327027,0.04672605958666711
Corporations,11585,63175,36211447,14404660,France,2019,0,1,0,0.05474069690774,0.07039249744947225,0.02180595056815936,21806787,0.08678335838608614
Individuals,401701,67362,1026223,99147,Germany,2019,0,1,0,0.08791989337561419,0.12628088487174877,0.15542402175389208,927076,0.13246187139706814
Corporations,31094,287768,29472672,9887207,Germany,2019,0,1,0,0.03757343815481138,0.057292794419099916,0.05852690780892077,19585465,0.07794327647870117
Individuals,84971,53923,322960,83066,Hong Kong,2019,1,1,0,0.07365985721341814,0.03974153237471776,0.032876528941799904,239894,0.03427637882646974
Corporations,5306,128037,2775819,2147214,Hong Kong,2019,1,1,0,0.00815985873807893,0.005395996240572674,0.009987257118226463,628605,0.0025016272685327587
Individuals,76180,10441,124430,6794,Ireland,2019,0,1,0,0.006024667973755362,0.015311614049374941,0.02947516181740025,117636,0.01680799061098066
Corporations,21429,1413274,40272087,26241396,Ireland,2019,0,1,0,0.09972274978180538,0.0782860950415051,0.040334891214940605,14030691,0.055837225605836996
Individuals,3074,805,13959,3926,Luxembourg,2019,0,1,0,0.003481431625693781,0.001717711327776459,0.0011893757866459486,10033,0.0014335285949876651
Corporations,28199,1568582,37831385,25535286,Luxembourg,2019,0,1,0,0.09703938526688284,0.0735415425990158,0.053077772988478704,12296099,0.048934158263103836
Individuals,298541,149009,1063580,317795,Mexico,2019,0,1,0,0.28180885468348327,0.13087781459964798,0.11550990134062074,745785,0.10655876838561505
Corporations,8477,184385,5723278,947236,Mexico,2019,0,1,0,0.0035996933475764097,0.011125648528146933,0.01595589494745679,4776042,0.019006970836785795
Individuals,502870,169976,1822005,163336,United Kingdom,2019,0,1,0,0.14484032501638294,0.22420507398562556,0.19456779500021087,1658669,0.23699286764871877
Corporations,50196,515631,138132964,35457368,United Kingdom,2019,0,1,0,0.13474535565811335,0.26852073368009965,0.09448178633744732,102675596,0.40861283439752
Individuals,209431,47757,363331,33775,Australia,2020,0,1,0,0.02603066801900258,0.02774556047817566,0.07190561501787761,329556,0.02793416557068067
Corporations,16077,341630,6099926,2426536,Australia,2020,0,1,0,0.011799106286270226,0.013741379522565881,0.02869637390784389,3673390,0.015417888193673178
Individuals,7870,5903,49894,11335,Bermuda,2020,1,1,0,0.00873597696507459,0.003810126288420466,0.00270206984730387,38559,0.0032683777271233904
Corporations,12610,277179,10656155,9256235,Bermuda,2020,1,1,0,0.045008728729223256,0.02400525352377849,0.02250800988853091,1399920,0.005875719713966378
Individuals,2332,2001,24899,12302,British Virgin Islands,2020,1,1,0,0.009481251753361059,0.0019013976521301396,8.006641529749206e-4,12597,0.0010677599063402409
Corporations,103383,266948,3531492,2381303,British Virgin Islands,2020,1,1,0,0.011579159425952942,0.00795543615658702,0.1845317673517836,1150189,0.004827553133098516
Individuals,528375,140524,2104065,69630,Canada,2020,0,1,0,0.05366440900557068,0.16067569986462116,0.18141120147003587,2034435,0.1724448777530609
Corporations,79598,693134,43606785,16678946,Canada,2020,0,1,0,0.08110189034778863,0.09823354946337595,0.1420771269712358,26927839,0.1130210543936887
Individuals,4029,8132,89614,40695,Cayman Islands,2020,1,1,1,0.03136396846878786,0.006843320984697792,0.001383308693111473,48919,0.004146522732258334
Corporations,184356,2488202,98292459,83207300,Cayman Islands,2020,1,1,1,0.40459806757186895,0.2214246506146544,0.3290631777168917,15085159,0.0633151652413119
Individuals,416880,39820,3831916,216008,China,2020,0,1,0,0.16647912768167902,0.29262203644965323,0.14313073417332112,3615908,0.30649532328450646
Corporations,3812,140658,3402308,1607178,China,2020,0,1,0,0.007814952690978089,0.007664421745552663,0.006804166034502762,1795130,0.007534488206563564
Individuals,128617,49367,531982,16031,France,2020,0,1,0,0.01235522247261674,0.040624495994838986,0.04415910006997228,515951,0.04373357080544206
Corporations,11532,64225,40113324,15520973,France,2020,0,1,0,0.07547121085091275,0.09036378621570991,0.02058385170773501,24592351,0.10321858505020343
Individuals,415762,59161,928851,66461,Germany,2020,0,1,0,0.051222034854505716,0.07093116633514328,0.14274688231953642,862390,0.07309879063497343
Corporations,33610,443908,27427585,7072398,Germany,2020,0,1,0,0.03438975383048303,0.06178646345421815,0.0599916108131264,20355187,0.08543443449437978
Individuals,171415,58557,393080,83087,Hong Kong,2020,1,1,0,0.0640358286808251,0.030017325559231908,0.05885327863730532,309993,0.026275946387721703
Corporations,5649,183145,3205259,2212014,Hong Kong,2020,1,1,0,0.010755986431982771,0.007220527001002962,0.010083088648716187,993245,0.004168830524100331
Individuals,99099,11948,1293652,343521,Ireland,2020,0,1,0,0.2647544369668626,0.0987889825082718,0.03402444978373141,950131,0.08053598377160906
Corporations,23269,1447348,36701895,19518557,Ireland,2020,0,1,0,0.09490958658665015,0.08267881747948468,0.041533614757829164,17183338,0.07212160540484285
Individuals,4648,802,8762,755,Luxembourg,2020,0,1,0,5.818846588999837e-4,6.691050334537244e-4,0.00159583489838226,8007,6.786975922891409e-4
Corporations,29758,1634015,26585538,19019492,Luxembourg,2020,0,1,0,0.09248286760174433,0.05988957365541764,0.05311604744352917,7566046,0.031756075803600535
Individuals,318183,161981,1008129,217730,Mexico,2020,0,1,0,0.1678062871288655,0.07698518469192761,0.10924430625472518,790399,0.06699661524263079
Corporations,7814,170456,67870181,710206,Mexico,2020,0,1,0,0.0034533986222115938,0.15289200481878631,0.013947469410704245,67159975,0.2818826712219192
Individuals,605941,172867,2466929,186178,United Kingdom,2020,0,1,0,0.14348890334394857,0.18838559815943423,0.20804255468172225,2280751,0.19332336859136387
Corporations,48777,485301,76416381,26043082,United Kingdom,2020,0,1,0,0.12663529102393328,0.17214413634886594,0.08706369534757115,50373299,0.21142592861865167
Individuals,225290,48348,378172,30702,Australia,2021,0,1,0,0.03777759184155609,0.03963530721366742,0.08953082651787914,347470,0.039808275955776115
Corporations,16267,435207,9096955,2287686,Australia,2021,0,1,0,0.014316044041244527,0.02479358725479138,0.030696507085841526,6809269,0.03287773516475315
Individuals,7974,6756,35265,7907,Bermuda,2021,1,1,0,0.009729249517659567,0.0036960407139872372,0.0031688881470707457,27358,0.0031342988275192764
Corporations,11358,263566,7835777,6637269,Bermuda,2021,1,1,0,0.041535173672255295,0.02135626929654895,0.02143301945539977,1198508,0.005786851513259054
Individuals,715,1015,13000,4271,British Virgin Islands,2021,1,1,0,0.00525529590109068,0.0013624990580415166,2.8414284238219e-4,8729,0.0010000473157912042
Corporations,104163,338238,4133405,2357797,British Virgin Islands,2021,1,1,0,0.01475478963997429,0.011265520993221464,0.19655992300869926,1775608,0.008573309349420181
Individuals,415475,158727,1949362,84264,Canada,2021,0,1,0,0.10368350592589676,0.2043079914447636,0.16511083557865788,1865098,0.2136769674175213
Corporations,82101,881132,52923805,17227227,Canada,2021,0,1,0,0.10780576549426663,0.14424287875701972,0.15492800935972675,35696578,0.1723566270875704
Individuals,3527,7113,86775,32520,Cayman Islands,2021,1,1,1,0.04001456864984053,0.009094681212427123,0.0014016388882265513,54255,0.00621578269197523
Corporations,159555,2166975,70329527,55221865,Cayman Islands,2021,1,1,1,0.345571311525996,0.19168186104720825,0.3010869360104165,15107662,0.07294552619298854
Individuals,302577,37412,785504,146399,China,2021,0,1,0,0.18013815608142694,0.0823268046221418,0.12024487946779847,639105,0.07321975481254869
Corporations,2792,205343,4552721,1012769,China,2021,0,1,0,0.006337777827729495,0.012408359210331487,0.005268620383824279,3539952,0.017092231831631007
Individuals,129108,50912,430701,10529,France,2021,0,1,0,0.012955516399574754,0.04514074667673379,0.05130785188011159,420172,0.048137459132847046
Corporations,12080,196950,43897298,9906453,France,2021,0,1,0,0.06199330565493646,0.11964129625930646,0.02279546355178986,33990845,0.1641207007589469
Individuals,335314,66005,2311918,83848,Germany,2021,0,1,0,0.10317163444501319,0.2423066228668636,0.1332546476231352,2228070,0.255261246751622
Corporations,35329,559445,29354402,6743022,Germany,2021,0,1,0,0.04219696231173367,0.08000489474766255,0.06666729568056158,22611380,0.10917632470527981
Individuals,240124,60049,322892,77100,Hong Kong,2021,1,1,0,0.09486848840414222,0.03384154198839549,0.09542589634151188,245792,0.028159426033102494
Corporations,5839,101288,4134850,3623482,Hong Kong,2021,1,1,0,0.022675283187752516,0.011269459314734892,0.011018436397260016,511368,0.002469078791824715
Individuals,77500,8484,108391,2817,Ireland,2021,0,1,0,0.00346620663857936,0.011360202723090617,0.030798699698768847,105574,0.01209519937190292
Corporations,22924,1239376,34677963,16472376,Ireland,2021,0,1,0,0.10308200525768806,0.09451416451537104,0.04325854358122771,18205587,0.08790348389891378
Individuals,5992,2098,18600,4454,Luxembourg,2021,0,1,0,0.005480470134267827,0.0019494217291978623,0.0023812362399357797,14146,0.0016206517733053471
Corporations,28933,1521560,21549065,13561161,Luxembourg,2021,0,1,0,0.08486399712478358,0.0587315891236871,0.05459777706489537,7987904,0.038568632291288873
Individuals,310772,195760,1033528,109738,Mexico,2021,0,1,0,0.13502825136827185,0.10832160972765635,0.1235015935843328,923790,0.10583499941055752
Corporations,8044,200561,6479866,768596,Mexico,2021,0,1,0,0.004809774674463357,0.01766075825046469,0.015179363312135565,5711270,0.027576179251311662
Individuals,461972,169783,2067183,218155,United Kingdom,2021,0,1,0,0.26843106469268024,0.21665653002303356,0.18358886319018894,1849028,0.21183589050553084
Corporations,40545,568823,77941942,23979051,United Kingdom,2021,0,1,0,0.15005780958717613,0.212429361229652,0.07651010510822184,53962891,0.2605533191628119
Individuals,320749,77176,602716,28773,Australia,2022,0,1,0,0.02504029352483926,0.053323811329491794,0.07737258992375369,573943,0.05652452881289163
Corporations,21658,466412,10906270,3213949,Australia,2022,0,1,0,0.012765841041530578,0.021411782980778546,0.030830990426705576,7692321,0.029861877692180794
Individuals,10654,8867,49300,12003,Bermuda,2022,1,1,0,0.01044585699018683,0.004361695887522391,0.0025700082402366703,37297,0.0036731789587718974
Corporations,14137,290824,8515276,7209166,Bermuda,2022,1,1,0,0.028634887236233936,0.016717653398772635,0.020124559592868074,1306110,0.005070367847693077
Individuals,1220,989,5907,2323,British Virgin Islands,2022,1,1,0,0.0020216384060821467,5.226072537037478e-4,2.9429416680014435e-4,3584,3.5296869421772475e-4
Corporations,131333,435385,5544365,3560630,British Virgin Islands,2022,1,1,0,0.014142861815077035,0.010884999192778489,0.18695754297305953,1983735,0.007700933430065941
Individuals,777228,261420,2656443,86750,Canada,2022,0,1,0,0.07549596716643402,0.23502224155248772,0.18748661202765787,2569693,0.2530751067942042
Corporations,110172,1223769,68592302,24683244,Canada,2022,0,1,0,0.09804211868119668,0.13466414132201224,0.15683405103384462,43909058,0.1704566046548074
Individuals,4376,6413,135187,68373,Cayman Islands,2022,1,1,1,0.05950300591435842,0.011960336347798976,0.001055599404850354,66814,0.006580147973064471
Corporations,208207,3186368,130318591,101613194,Cayman Islands,2022,1,1,1,0.40360873253626883,0.2558485521496204,0.29639061888323426,28705397,0.11143542427825015
Individuals,509168,56573,1016332,216008,China,2022,0,1,0,0.18798539337967815,0.08991746662793929,0.12282391173876712,800324,0.07881956395957208
Corporations,5061,197453,9799546,6394303,China,2022,0,1,0,0.02539824237079745,0.019239002176010357,0.0072045268514893766,3405243,0.013219280627804638
Individuals,210329,61732,520887,19094,France,2022,0,1,0,0.016616945211249463,0.04608419240900356,0.05073655558107177,501793,0.049418867181248535
Corporations,15838,80607,49009188,13653967,France,2022,0,1,0,0.05423370822259598,0.09621750584940371,0.022545998078223425,35355221,0.13725028964366176
Individuals,490677,84103,1256905,87583,Germany,2022,0,1,0,0.07622090250533475,0.1112015693611832,0.11836342531392986,1169322,0.11516017284041807
Corporations,47342,482873,35986206,8662632,Germany,2022,0,1,0,0.03440807029398292,0.07065007864041425,0.06739314566354675,27323574,0.10607113573409784
Individuals,269497,104671,482958,103976,Hong Kong,2022,1,1,0,0.09048724705587485,0.04272851769667422,0.065009340221425,378982,0.03732387881473822
Corporations,8322,127669,5189635,4160399,Hong Kong,2022,1,1,0,0.016525150929072856,0.010188573945946017,0.011846684935406955,1029236,0.003995532629019173
Individuals,151847,16251,191737,6231,Ireland,2022,0,1,0,0.005422655578259946,0.016963458101133484,0.036629251103361904,185506,0.018269478401103028
Corporations,29499,1922034,47910917,25152116,Ireland,2022,0,1,0,0.09990448346073254,0.09406132043440091,0.041992953485889176,22758801,0.08835051629835546
Individuals,7304,2748,41327,14387,Luxembourg,2022,0,1,0,0.012520581897677074,0.0036563043801954944,0.0017619054051707002,26940,0.002653174280754884
Corporations,36397,2140885,31531772,19983247,Luxembourg,2022,0,1,0,0.07937367851687839,0.0619048913206247,0.051812520018505996,11548525,0.044831805780737984
Individuals,533795,274414,1466093,197786,Mexico,2022,0,1,0,0.17212732405741,0.12970896163945975,0.128764553087773,1268307,0.12490866787310263
Corporations,11744,143021,7592633,1346235,Mexico,2022,0,1,0,0.005347260337530221,0.01490627043422706,0.016718032670201787,6246398,0.024248750551710302
Individuals,858668,263283,2877151,305781,United Kingdom,2022,0,1,0,0.26611218831261507,0.2545488374134064,0.2071319537852019,2571370,0.25324026541591266
Corporations,62765,574527,98461628,32128552,United Kingdom,2022,0,1,0,0.12761496455810262,0.1933052281550107,0.08934837538702445,66333076,0.2575074808316155
